agent,id,loss,aug,lr,optimizer,schedule,geo_scale_km,geo_bucket,macro_auc,weighted_macro_auc,aves_auc,amphibia_auc,insecta_auc,mammalia_auc,pruned,epochs_run,train_time_s,params,py_path,weights_path,reason
regular,1,plain_bce,specaugment,0.0005,adamw,cosine_decay,,,0.6919,0.6978,0.6838,0.8252,0.5638,0.8925,False,10,910.1,2253962,experiments_regular_qwen2.5-coder_7b/exp_001_plain_bce_specaugment_lr0.0005_adamw_cosine_decay/model.py,experiments_regular_qwen2.5-coder_7b/exp_001_plain_bce_specaugment_lr0.0005_adamw_cosine_decay/model.keras,"Starting with a standard binary cross-entropy loss function is often a good baseline. SpecAugment can help improve model robustness by introducing randomness into the training data. A slightly lower learning rate of 5e-4 may provide better generalization compared to the default 1e-3. AdamW, which includes weight decay, can sometimes lead to better performance on multi-label classification tasks. Cosine decay scheduling allows the learning rate to smoothly decrease throughout training, potentially leading to more stable convergence."
regular,2,focal_g2.0,mixup,0.001,adamw,exp_decay,,,0.6178,0.6498,0.5782,0.8514,0.7419,0.8953,False,9,880.3,2253962,experiments_regular_qwen2.5-coder_7b/exp_002_focal_g2.0_mixup_lr0.001_adamw_exp_decay/model.py,experiments_regular_qwen2.5-coder_7b/exp_002_focal_g2.0_mixup_lr0.001_adamw_exp_decay/model.keras,"Focal loss with gamma=2.0 can help with hard examples, while mixup adds diversity to the training data. A slightly lower learning rate and exponential decay schedule might provide a balance between convergence speed and generalization."
regular,3,plain_bce,background_mix,0.0001,adamw,constant,,,0.6181,0.6318,0.5994,0.8178,0.5632,0.7123,False,4,393.3,2253962,experiments_regular_qwen2.5-coder_7b/exp_003_plain_bce_background_mix_lr0.0001_adamw_constant/model.py,experiments_regular_qwen2.5-coder_7b/exp_003_plain_bce_background_mix_lr0.0001_adamw_constant/model.keras,"This combination aims to explore a different augmentation technique (background mix) with a lower learning rate and the AdamW optimizer, which can help in fine-tuning the model without overfitting. The constant learning rate schedule allows for more stable convergence during training."
regular,4,focal_g2.0,none,0.0001,adamw,cosine_decay,,,0.6007,0.6225,0.5734,0.811,0.5958,0.8849,False,10,987.0,2253962,experiments_regular_qwen2.5-coder_7b/exp_004_focal_g2.0_none_lr0.0001_adamw_cosine_decay/model.py,experiments_regular_qwen2.5-coder_7b/exp_004_focal_g2.0_none_lr0.0001_adamw_cosine_decay/model.keras,"The previous experiments with focal loss showed promising results, and using no augmentation might help in stabilizing the training process. A lower learning rate can provide more stable convergence, while AdamW is a good choice for its regularization properties. Cosine decay scheduling can help in fine-tuning the model towards the end of training without overshooting."
regular,5,plain_bce,specaugment,0.0001,adamw,exp_decay,,,0.6248,0.6411,0.6029,0.8259,0.6118,0.7099,False,4,404.0,2253962,experiments_regular_qwen2.5-coder_7b/exp_005_plain_bce_specaugment_lr0.0001_adamw_exp_decay/model.py,experiments_regular_qwen2.5-coder_7b/exp_005_plain_bce_specaugment_lr0.0001_adamw_exp_decay/model.keras,"This combination aims to balance a higher learning rate with AdamW optimizer, which has been shown to perform well on multi-label classification tasks. Specaugment augmentation is used to introduce variability and robustness in the training process. The exponential decay schedule allows for a gradual reduction of the learning rate as training progresses, potentially leading to better generalization."
regular,6,focal_g2.0,specaugment,0.0001,adamw,cosine_decay,,,0.6147,0.639,0.5844,0.8323,0.6308,0.9283,False,10,1022.5,2253962,experiments_regular_qwen2.5-coder_7b/exp_006_focal_g2.0_specaugment_lr0.0001_adamw_cosine_decay/model.py,experiments_regular_qwen2.5-coder_7b/exp_006_focal_g2.0_specaugment_lr0.0001_adamw_cosine_decay/model.keras,"The `focal_g2.0` loss has shown promise in previous experiments, and combining it with `specaugment` augmentation can help improve generalization. A lower learning rate (`1e-4`) might be more stable for this combination, while `adamw` is a good default optimizer that often performs well. Using `cosine_decay` allows the learning rate to smoothly decrease over time, which can help in fine-tuning and potentially improving performance on the validation set."
regular,7,plain_bce,mixup,0.001,adamw,cosine_decay,,,0.6348,0.6601,0.6031,0.852,0.6891,0.8736,False,10,1027.0,2253962,experiments_regular_qwen2.5-coder_7b/exp_007_plain_bce_mixup_lr0.001_adamw_cosine_decay/model.py,experiments_regular_qwen2.5-coder_7b/exp_007_plain_bce_mixup_lr0.001_adamw_cosine_decay/model.keras,"The combination of plain binary cross-entropy (plain_bce) with mixup augmentation and a moderate learning rate (1e-3) using AdamW optimizer with a cosine decay schedule has not been explored yet. This setup aims to balance between simplicity and effectiveness, leveraging the strengths of both loss function and augmentation technique while providing a smooth learning rate adjustment throughout training."
regular,8,focal_g2.0,background_mix,0.0001,adamw,exp_decay,,,0.6164,0.6375,0.5902,0.8098,0.6166,0.9142,False,10,1024.1,2253962,experiments_regular_qwen2.5-coder_7b/exp_008_focal_g2.0_background_mix_lr0.0001_adamw_exp_decay/model.py,experiments_regular_qwen2.5-coder_7b/exp_008_focal_g2.0_background_mix_lr0.0001_adamw_exp_decay/model.keras,"The combination of focal loss with a lower learning rate and exponential decay scheduling has shown promise in previous experiments, while background mix augmentation can help improve generalization."
regular,9,plain_bce,specaugment,0.001,adamw,exp_decay,,,0.7308,0.7509,0.7062,0.8574,0.8364,0.8906,False,10,1031.1,2253962,experiments_regular_qwen2.5-coder_7b/exp_009_plain_bce_specaugment_lr0.001_adamw_exp_decay/model.py,experiments_regular_qwen2.5-coder_7b/exp_009_plain_bce_specaugment_lr0.001_adamw_exp_decay/model.keras,"This combination builds on the success of using `specaugment` and `adamw`, while experimenting with a higher learning rate (`1e-3`) and exponential decay scheduling. It aims to balance exploration and exploitation, leveraging the strengths of previous experiments while avoiding configurations that have been pruned."
regular,10,focal_g2.0,mixup,0.0001,adamw,cosine_decay,,,0.5592,0.5829,0.5291,0.7964,0.5589,0.8236,False,10,1036.3,2253962,experiments_regular_qwen2.5-coder_7b/exp_010_focal_g2.0_mixup_lr0.0001_adamw_cosine_decay/model.py,experiments_regular_qwen2.5-coder_7b/exp_010_focal_g2.0_mixup_lr0.0001_adamw_cosine_decay/model.keras,"The previous experiments with focal loss and mixup augmentation showed promising results, particularly when combined with a lower learning rate. Using cosine decay for the learning rate schedule can help stabilize training by gradually reducing the learning rate towards the end of training."
eda,1,plain_bce,none,0.001,adam,constant,2000.0,2000,0.7167,0.7289,0.7024,0.7865,0.755,0.9236,False,10,905.0,2253962,experiments_eda_qwen2.5-coder_7b/exp_001_plain_bce_none_lr0.001_adam_constant_geo2000/model.py,experiments_eda_qwen2.5-coder_7b/exp_001_plain_bce_none_lr0.001_adam_constant_geo2000/model.keras,(fallback: LLM unavailable or unhelpful — picked the next untried EDA-motivated combination)
eda,2,plain_bce,none,0.0005,adam,constant,2000.0,2000,0.7167,0.7335,0.6961,0.8571,0.7313,0.9594,False,10,951.7,2253962,experiments_eda_qwen2.5-coder_7b/exp_002_plain_bce_none_lr0.0005_adam_constant_geo2000/model.py,experiments_eda_qwen2.5-coder_7b/exp_002_plain_bce_none_lr0.0005_adam_constant_geo2000/model.keras,(fallback: LLM unavailable or unhelpful — picked the next untried EDA-motivated combination)
eda,3,plain_bce,none,0.0001,adam,constant,2000.0,2000,0.6138,0.6169,0.6071,0.8218,0.3954,0.6939,False,4,389.1,2253962,experiments_eda_qwen2.5-coder_7b/exp_003_plain_bce_none_lr0.0001_adam_constant_geo2000/model.py,experiments_eda_qwen2.5-coder_7b/exp_003_plain_bce_none_lr0.0001_adam_constant_geo2000/model.keras,(fallback: LLM unavailable or unhelpful — picked the next untried EDA-motivated combination)
eda,4,plain_bce,none,0.001,adam,cosine_decay,2000.0,2000,0.7092,0.7205,0.6953,0.8212,0.6865,0.9094,False,10,1015.0,2253962,experiments_eda_qwen2.5-coder_7b/exp_004_plain_bce_none_lr0.001_adam_cosine_decay_geo2000/model.py,experiments_eda_qwen2.5-coder_7b/exp_004_plain_bce_none_lr0.001_adam_cosine_decay_geo2000/model.keras,(fallback: LLM unavailable or unhelpful — picked the next untried EDA-motivated combination)
eda,5,plain_bce,none,0.0005,adam,cosine_decay,2000.0,2000,0.6413,0.6598,0.6183,0.8222,0.6197,0.9311,False,10,999.7,2253962,experiments_eda_qwen2.5-coder_7b/exp_005_plain_bce_none_lr0.0005_adam_cosine_decay_geo2000/model.py,experiments_eda_qwen2.5-coder_7b/exp_005_plain_bce_none_lr0.0005_adam_cosine_decay_geo2000/model.keras,(fallback: LLM unavailable or unhelpful — picked the next untried EDA-motivated combination)
eda,6,plain_bce,none,0.0001,adam,cosine_decay,2000.0,2000,0.6127,0.616,0.6058,0.8217,0.3956,0.6939,False,4,391.8,2253962,experiments_eda_qwen2.5-coder_7b/exp_006_plain_bce_none_lr0.0001_adam_cosine_decay_geo2000/model.py,experiments_eda_qwen2.5-coder_7b/exp_006_plain_bce_none_lr0.0001_adam_cosine_decay_geo2000/model.keras,(fallback: LLM unavailable or unhelpful — picked the next untried EDA-motivated combination)
eda,7,plain_bce,none,0.001,adam,exp_decay,2000.0,2000,0.734,0.7426,0.7236,0.82,0.7032,0.9245,False,10,978.6,2253962,experiments_eda_qwen2.5-coder_7b/exp_007_plain_bce_none_lr0.001_adam_exp_decay_geo2000/model.py,experiments_eda_qwen2.5-coder_7b/exp_007_plain_bce_none_lr0.001_adam_exp_decay_geo2000/model.keras,(fallback: LLM unavailable or unhelpful — picked the next untried EDA-motivated combination)
eda,8,plain_bce,none,0.0005,adam,exp_decay,2000.0,2000,0.6795,0.6966,0.6585,0.8232,0.6921,0.9292,False,10,961.8,2253962,experiments_eda_qwen2.5-coder_7b/exp_008_plain_bce_none_lr0.0005_adam_exp_decay_geo2000/model.py,experiments_eda_qwen2.5-coder_7b/exp_008_plain_bce_none_lr0.0005_adam_exp_decay_geo2000/model.keras,(fallback: LLM unavailable or unhelpful — picked the next untried EDA-motivated combination)
eda,9,plain_bce,none,0.0001,adam,exp_decay,2000.0,2000,0.6138,0.6169,0.6071,0.8218,0.3954,0.6939,False,4,387.5,2253962,experiments_eda_qwen2.5-coder_7b/exp_009_plain_bce_none_lr0.0001_adam_exp_decay_geo2000/model.py,experiments_eda_qwen2.5-coder_7b/exp_009_plain_bce_none_lr0.0001_adam_exp_decay_geo2000/model.keras,(fallback: LLM unavailable or unhelpful — picked the next untried EDA-motivated combination)
eda,10,plain_bce,none,0.001,adamw,constant,2000.0,2000,0.7295,0.7406,0.7155,0.8234,0.7591,0.8226,False,10,967.8,2253962,experiments_eda_qwen2.5-coder_7b/exp_010_plain_bce_none_lr0.001_adamw_constant_geo2000/model.py,experiments_eda_qwen2.5-coder_7b/exp_010_plain_bce_none_lr0.001_adamw_constant_geo2000/model.keras,(fallback: LLM unavailable or unhelpful — picked the next untried EDA-motivated combination)
creative,1,focal loss gamma 1.5,gentle mixup plus small noise,0.0003,AdamW weight_decay 5e-5,cosine decay,,,0.6057,0.6246,0.5821,0.7985,0.5751,0.8962,False,10,867.1,2253962,experiments_creative_qwen2.5-coder_7b/exp_001_fallback_adamw_focal_mixup_lr0.0003/model.py,experiments_creative_qwen2.5-coder_7b/exp_001_fallback_adamw_focal_mixup_lr0.0003/model.keras,"Fallback free-form recipe: moderate focal loss, gentle mixed augmentation, AdamW regularization, and smooth decay."
creative,2,weighted BCE with clipped positive weights,moderate SpecAugment,0.0002,AdamW weight_decay 1e-4,constant LR with ReduceLROnPlateau,,,0.6904,0.7131,0.6623,0.8675,0.7572,0.9123,False,10,892.8,2253962,experiments_creative_qwen2.5-coder_7b/exp_002_fallback_weighted_bce_specaugment_lr0.0002/model.py,experiments_creative_qwen2.5-coder_7b/exp_002_fallback_weighted_bce_specaugment_lr0.0002/model.keras,"Fallback free-form recipe: stabilize warm-start fine-tuning with weighted BCE, moderate masking, AdamW, and plateau-based LR cuts."
creative,3,asymmetric focal loss,background mix,0.00015,Nadam,exponential decay,,,0.6358,0.642,0.6261,0.7967,0.5272,0.6887,False,10,905.0,2253962,experiments_creative_qwen2.5-coder_7b/exp_003_fallback_asym_focal_background_lr0.00015/model.py,experiments_creative_qwen2.5-coder_7b/exp_003_fallback_asym_focal_background_lr0.00015/model.keras,Fallback free-form recipe: try a conservative asymmetric focal objective with background blending and Nadam for smoother updates.
creative,4,binary cross-entropy with label smoothing,time shift,0.0005,Adam,cosine decay,,,0.6324,0.6593,0.5997,0.821,0.7268,0.9226,False,10,926.1,2253962,experiments_creative_qwen2.5-coder_7b/exp_004_fallback_smoothed_bce_timeshift_lr0.0005/model.py,experiments_creative_qwen2.5-coder_7b/exp_004_fallback_smoothed_bce_timeshift_lr0.0005/model.keras,Fallback free-form recipe: mild label smoothing and time shifts probe whether the baseline benefits from calibration and invariance.
creative,5,focal loss gamma 1.5,gentle mixup plus small noise,0.000225,AdamW weight_decay 5e-5,cosine decay,,,0.6035,0.6192,0.5812,0.8383,0.5772,0.5774,False,10,943.3,2253962,experiments_creative_qwen2.5-coder_7b/exp_005_fallback_adamw_focal_mixup_lr0.000225/model.py,experiments_creative_qwen2.5-coder_7b/exp_005_fallback_adamw_focal_mixup_lr0.000225/model.keras,"Fallback free-form recipe: moderate focal loss, gentle mixed augmentation, AdamW regularization, and smooth decay. Deterministic fallback variant with LR scale 0.75."
creative,6,weighted BCE with clipped positive weights,moderate SpecAugment,0.00014,AdamW weight_decay 1e-4,constant LR with ReduceLROnPlateau,,,0.6762,0.6994,0.6477,0.8475,0.7523,0.9132,False,10,911.0,2253962,experiments_creative_qwen2.5-coder_7b/exp_006_fallback_weighted_bce_specaugment_lr0.00014/model.py,experiments_creative_qwen2.5-coder_7b/exp_006_fallback_weighted_bce_specaugment_lr0.00014/model.keras,"Fallback free-form recipe: stabilize warm-start fine-tuning with weighted BCE, moderate masking, AdamW, and plateau-based LR cuts. Deterministic fallback variant with LR scale 0.70."
creative,7,asymmetric focal loss,background mix,9.749999999999998e-05,Nadam,exponential decay,,,0.5836,0.6069,0.5543,0.804,0.5913,0.8642,False,10,917.0,2253962,experiments_creative_qwen2.5-coder_7b/exp_007_fallback_asym_focal_background_lr9.75e-05/model.py,experiments_creative_qwen2.5-coder_7b/exp_007_fallback_asym_focal_background_lr9.75e-05/model.keras,Fallback free-form recipe: try a conservative asymmetric focal objective with background blending and Nadam for smoother updates. Deterministic fallback variant with LR scale 0.65.
creative,8,binary cross-entropy with label smoothing,time shift,0.0003,Adam,cosine decay,,,0.5849,0.6056,0.5592,0.7932,0.5373,0.9642,False,10,911.3,2253962,experiments_creative_qwen2.5-coder_7b/exp_008_fallback_smoothed_bce_timeshift_lr0.0003/model.py,experiments_creative_qwen2.5-coder_7b/exp_008_fallback_smoothed_bce_timeshift_lr0.0003/model.keras,Fallback free-form recipe: mild label smoothing and time shifts probe whether the baseline benefits from calibration and invariance. Deterministic fallback variant with LR scale 0.60.
creative,9,focal loss gamma 1.5,gentle mixup plus small noise,0.000165,AdamW weight_decay 5e-5,cosine decay,,,0.6083,0.6277,0.582,0.836,0.6362,0.6127,False,10,937.5,2253962,experiments_creative_qwen2.5-coder_7b/exp_009_fallback_adamw_focal_mixup_lr0.000165/model.py,experiments_creative_qwen2.5-coder_7b/exp_009_fallback_adamw_focal_mixup_lr0.000165/model.keras,"Fallback free-form recipe: moderate focal loss, gentle mixed augmentation, AdamW regularization, and smooth decay. Deterministic fallback variant with LR scale 0.55."
creative,10,weighted BCE with clipped positive weights,moderate SpecAugment,0.0001,AdamW weight_decay 1e-4,constant LR with ReduceLROnPlateau,,,0.69,0.695,0.6821,0.8424,0.5528,0.8104,False,10,915.8,2253962,experiments_creative_qwen2.5-coder_7b/exp_010_fallback_weighted_bce_specaugment_lr0.0001/model.py,experiments_creative_qwen2.5-coder_7b/exp_010_fallback_weighted_bce_specaugment_lr0.0001/model.keras,"Fallback free-form recipe: stabilize warm-start fine-tuning with weighted BCE, moderate masking, AdamW, and plateau-based LR cuts. Deterministic fallback variant with LR scale 0.50."
